"userid","degrees"
"2", "<li>BA&#44; Biology&#44; Hunter College&#44; City University of New York&#44; NY</li><li>MA&#44; Cancer Biology&#44; Hunter College&#44; City University of New York&#44; NY</li><li>MPH&#44; Cancer Biology&#44; The Graduate Center&#44; (CUNY)&#44; NY</li><li>PhD&#44; City University of New York&#44; Hunter College</li>"
"3", "<li>BS&#44; Biology&#44; American University of Beirut&#44; Lebanon</li><li>MD&#44; Medicine&#44; University of Heidelberg&#44; Germany</li><li>PhD&#44; Physiology&#44; University of Heidelberg&#44; Germany</li>"
"6", "<li>BS&#44; Biology&#44; Carnegie Mellon University&#44; Pittsburgh&#44; PA</li><li>MA&#44; Biology&#44; Boston University</li><li>PhD&#44; Cell Biology&#44; MIT&#44; Cambridge&#44; MA</li>"
"8", "<li>BS&#44; Biochemistry and Molecular Biology&#44; University of Newcastle upon Tyne&#44; England</li><li>MPH&#44; Biochemistry&#44; University of Cambridge&#44; Cambridge&#44; England</li><li>PhD&#44; Biochemistry&#44; University of Cambridge&#44; Cambridge&#44; England</li><li>Postdoc&#44; Biochemistry&#44; University of Maryland&#44; Baltimore&#44; Maryland</li><li>Postdoc&#44; Biochemistry and Molecular Biology&#44; University of Rochester&#44; Rochester&#44; New York</li>"
"11", "<li>AB&#44; Biochemistry&#44; Bowdoin College</li><li>PhD&#44; Biochemistry&#44; Case Western Reserve University</li><li>Postdoc&#44; Molecular Biology&#44; Fred Hutchinson Cancer Research Center</li>"
"12", "<li>BS&#44; Biochemistry&#44; Queen Elizabeth College&#44; Univ. of London&#44; London&#44; England</li><li>PhD&#44; Biochemistry&#44; University of London&#44; London&#44; England</li><li>Postdoc&#44; Biochemistry&#44; University of Washington&#44; Seattle&#44; Washington</li>"
"15", "<li>BS&#44; Microwave Engineering&#44; University of California&#44; Los Angeles</li><li>PhD&#44; Statistical Physics&#44; University of California&#44; Santa Barbara</li><li>Postdoc&#44; Statistical Physics&#44; University of Maryland</li><li>Postdoc&#44; Computational Biology&#44; The Rockefeller University</li>"
"16", "<li>BA&#44; Biology&#44; Albion College</li><li>MS&#44; Epidemiology&#44; The University of Michigan&#44; Ann Arbor&#44; MI</li><li>PhD&#44; Microbiology and Immunology&#44; The University of Michigan&#44; Ann Arbor&#44; MI</li>"
"18", "<li>BA&#44; Chemistry&#44; Grinnell College&#44; Grinnell&#44; IA</li><li>PhD&#44; Physical Chemistry&#44; Wake Forest University&#44; Winston-Salem&#44; NC&#44; Oak Ridge National Laboratory&#44; Oak Ridge&#44; TN</li><li>Postdoc&#44; Chemistry &#44; University of Virginia</li><li>Postdoc&#44; Cardiology and Radiology&#44; University of Virginia</li>"
"19", "<li>BS&#44; Biochemistry&#44; Centre College</li><li>PhD&#44; Molecular Biology&#44; Vanderbilt University; Nashville TN</li><li>Postdoc&#44; Molecular Biology&#44; University of Virginia</li>"
"22", "<li>BA&#44; Biology&#44; History&#44; University of Pennsylvania</li><li>PhD&#44; Biology&#44; University of Pennsylvania</li><li>Postdoc&#44; Cell Biology&#44; University of North Carolina</li><li>Postdoc&#44; Cell Biology&#44; Worcester Foundation for Exp. Biol</li>"
"24", "<li>ScB&#44; Biology&#44; Brown University</li><li>PhD&#44; Microbiology&#44; University of Virginia</li><li>Postdoc&#44; Signal Transduction&#44; University of Virginia</li>"
"25", "<li>BS&#44; Biology&#44; St. Joseph's College&#44; Philadelphia&#44; PA</li><li>MD&#44; Medicine and Immunology&#44; Univ. of Pennsylvania&#44; Philadelphia&#44; PA</li><li>PhD&#44; Medicine and Immunology&#44; Univ. of Pennsylvania&#44; Philadelphia&#44; PA</li><li>Residency&#44; Pathology&#44; Barnes Hospital (Washington Univ.) St. Louis&#44; MO</li><li>Postdoc&#44; Immunology and Virology&#44; Australian National University&#44; Canberra&#44; Australia</li>"
"26", "<li>BA&#44; Chemistry&#44; Kalamazoo College&#44; Kalamazoo&#44; MI</li><li>MS&#44; Chemistry&#44; Northwestern University&#44; Evanston&#44; IL</li><li>PhD&#44; Biochemistry&#44; Northwestern University&#44; Evanston&#44; IL</li><li>Postdoc&#44; Biochemistry&#44; University of Washington School of Medicine&#44; Seattle&#44; WA</li>"
"29", "<li>BA&#44; Biology&#44; Johns Hopkins University&#44; Baltimore&#44; MD</li><li>PhD&#44; Biochemistry&#44; Harvard University&#44; Cambridge&#44; MA</li><li>Postdoc&#44; Molecular Biology&#44; MRC Lab of Molecular Biology&#44; Cambridge UK</li>"
"30", "<li>BS&#44; Biochemistry&#44; Virginia Tech University</li><li>PhD&#44; Immunology&#44; Medical College of Virginia&#44; Virginia Commonwealth University</li><li>Postdoc&#44; Immunology&#44; Mount Sinai School of Medicine</li><li>Postdoc&#44; Immunology&#44; Washington University</li>"
"33", "<li>PhD&#44; Thomas Jefferson University</li>"
"34", "<li>PhD&#44; John Hopkins University</li>"
"35", "<li>BA&#44; Chemistry&#44; Dartmouth College</li><li>PhD&#44; Chemistry&#44; University of California&#44; Berkeley&#44; CA</li><li>Postdoc&#44; Eidgenössische Technische Hochschule&#44; Zürich&#44; Switzerland</li>"
"36", "<li>AB&#44; Biophysics&#44; University of California&#44; Berkeley&#44; CA</li><li>PhD&#44; Biophysics&#44; University of California&#44; Berkeley&#44; CA</li><li>Postdoc&#44; University of California&#44; Berkeley&#44; CA</li><li>Postdoc&#44; Stanford University</li>"
"39", "<li>BS&#44; Biology&#44; Southern Connecticut State University</li><li>PhD&#44; Cell Biology&#44; Wesleyan Univeristy</li><li>Postdoc&#44; Cell Biology&#44; Whitehead Institute</li><li>Postdoc&#44; Cell Biology&#44; University of California&#44; San Francisco</li>"
"40", "<li>BA&#44; Biology&#44; Carleton College&#44; Northfield&#44; MN</li><li>PhD&#44; Cell Biology&#44; Rockefeller University&#44; New York&#44; NY</li><li>Postdoc&#44; Cell Biology&#44; Yale Univ. Sch. of Med.&#44; New Haven&#44; CT</li><li>Postdoc&#44; Biophysical Chemistry&#44; Univ. of California&#44; Berkeley&#44; CA</li>"
"45", "<li>BA&#44; Chemistry&#44; Smith College</li><li>PhD&#44; Biochemistry and Molecular Biology&#44; University of California Los Angeles</li>"
"47", "<li>BA&#44; Biology&#44; University of California&#44; Los Angeles</li><li>PhD&#44; Biology&#44; University of California&#44; Los Angeles</li><li>Postdoc&#44; Immunology&#44; California Institute of Technology</li>"
"49", "<li>BS&#44; Biological Sciences&#44; Cornell University</li><li>MS&#44; Zoology&#44; University of Hawaii&#44; Honolulu&#44; Hawaii</li><li>PhD&#44; Neurosciences&#44; University of California&#44; San Diego</li>"
"50", "<li>PhD&#44; John Hopkins University</li>"
"51", "<li>BS&#44; Recombinant Gene Technology&#44; Medical Technology&#44; State University of New York College at Fredonia</li><li>PhD&#44; Molecular Biology and Microbiology&#44; Case Western Reserve University</li>"
"58", "<li>MSc&#44; Biophysics&#44; University of Lodz&#44; Poland</li><li>PhD&#44; Chemistry&#44; University of Lodz&#44; Poland</li><li>Postdoc&#44; Protein Crystallography&#44; University of York&#44; United Kingdom</li>"
"59", "<li>BS&#44; Biology&#44; Worcester Polytechnic Institute</li><li>PhD&#44; Biology&#44; Dartmouth College</li><li>Postdoc&#44; Cell and Molecular Biology&#44; Massachusetts Institute of Technology</li>"
"65", "<li>MBBS&#44; Medicine&#44; Christian Medical College&#44; Vellore&#44; India</li><li>PhD&#44; Viral Oncology&#44; The Rockefeller University&#44; New York&#44; NY</li><li>Postdoc&#44; Cell Cycle&#44; Cold Spring Harbor Laboratory&#44; Cold Spring Harbor&#44; NY</li><li>Resident&#44; Pathology&#44; Brigham & Women’s Hospital&#44; Harvard Medical School</li>"
"68", "<li>BA&#44; Physics&#44; Brandeis University&#44; Waltham&#44; MA</li><li>PhD&#44; Biophysics&#44; Brandeis University&#44; Waltham&#44; MA</li><li>Postdoc&#44; Biophysics&#44; MRC Lab. of Mol. Biology&#44; Cambridge&#44; UK</li>"
"71", "<li>PhD&#44; Yale University</li>"
"72", "<li>BA&#44; Biochemistry&#44; Rice University&#44; Houston&#44; TX</li><li>MS&#44; Biochemistry&#44; University of Illinois&#44; Urbana&#44; IL</li><li>PhD&#44; Biochemistry&#44; University of Illinois&#44; Urbana&#44; IL</li><li>Postdoc&#44; Immunology&#44; Harvard University&#44; Cambridge&#44; MA</li>"
"74", "<li>BS&#44; Biology&#44; Seattle Pacific University</li><li>PhD&#44; Immunology&#44; The University of Iowa</li><li>Postdoc&#44; Immunology&#44; Dartmouth Medical School</li>"
"76", "<li>PhD&#44; California Institute of Technology</li>"
"80", "<li>BA&#44; Physiology&#44; University of Minnesota&#44; Minneapolis&#44; Mn</li><li>PhD&#44; Cell Biology&#44; Northwestern University&#44; Chicago&#44; IL</li><li>Postdoc&#44; Ludwig Institute for Cancer Research</li>"
"81", "<li>BA&#44; Chemistry and Philosophy&#44; Monmouth College&#44; Monmouth&#44; IL</li><li>PhD&#44; Biochemistry&#44; Colorado State University&#44; Ft. Collins&#44; CO</li><li>Postdoc&#44; Biochemistry and Pharmacology&#44; University of CO Med. School&#44; Denver&#44; CO</li>"
"83", "<li>BA&#44; Interdisciplinary&#44; Kalamazoo College&#44; Kalamazoo&#44; MI</li><li>MTS&#44; Religion and Culture&#44; Harvard Divinity School&#44; Cambridge&#44; MA</li><li>PhD&#44; Inorganic and Organic&#44; The University of Chicago&#44; Chicago&#44; IL</li><li>Postdoc&#44; Polymer and Organometallic&#44; California Institute of Technology</li>"
"86", "<li>BS&#44; Molecular Biology&#44; NanKai University&#44; Tianjin&#44; P. R. China</li><li>PhD&#44; Cell and Developmental Biology&#44; University of Florida&#44; Gainesville&#44; FL</li>"
"89", "<li>PhD&#44; University of North Carolina</li>"
"91", "<li>BA&#44; English&#44; Brown University</li><li>MD&#44; Medicine&#44; Tufts University&#44; Boston&#44; MA</li>"
"93", "<li>AB&#44; Biology&#44; Stanford University</li><li>PhD&#44; Zoology&#44; University of California&#44; Berkeley</li><li>Postdoc&#44; Biology&#44; Yale University</li>"
"94", "<li>BS&#44; Biology&#44; University of Portsmouth&#44; United Kingdom</li><li>PhD&#44; Molecular Immunology&#44; Karolinska Institute&#44; Stockholm&#44; Sweden</li><li>Postdoc&#44; Biochemistry&#44; HHMI&#44; Pennsylvania State University&#44; PA.</li>"
"98", "<li>BS&#44; Davidson College&#44; Davidson&#44; NC</li><li>MD&#44; Department of Medicine&#44; University of Virginia</li>"
"100", "<li>BS&#44; Biochemistry&#44; University of Cincinnati&#44; Cincinnati&#44; Ohio</li><li>PhD&#44; Neurosciences&#44; University of California&#44; San Francisco&#44; CA</li><li>Postdoc&#44; Cell Biology&#44; EMBL&#44; Heidelberg&#44; West Germany</li>"
"101", "<li>BA&#44; Biochemistry&#44; Yon Sei University&#44; Seoul&#44; Korea</li><li>PhD&#44; Molecular Biology&#44; California Institute of Technology</li><li>Postdoc&#44; Immunology&#44; Washington University School of Medicine</li>"
"105", "<li>BS&#44; Chemistry&#44; University of Stockholm&#44; Stockholm&#44; Sweden</li><li>MS&#44; Biochemistry&#44; University of Stockholm&#44; Stockholm&#44; Sweden</li><li>MD&#44; Medicine&#44; Karolinska Institute&#44; Stockholm&#44; Sweden</li><li>PhD&#44; Medical Microbiology&#44; Karolinska Institute&#44; Stockholm&#44; Sweden</li><li>Postdoc&#44; Medical Microbiology&#44; SUNY at Stony Brook</li>"
"111", "<li>Postdoc&#44; Molecular Cell Biology&#44; The Rockefeller University&#44; New York&#44; NY</li><li>BS&#44; Chemistry&#44; The College of the Holy Cross&#44; Worcester&#44; MA</li><li>PhD&#44; Biological Chemistry&#44; The University of Pennsylvania&#44; Philadelphia&#44; PA</li>"
"113", "<li>PhD&#44; Anatomy and Cell Biology&#44; University of Iowa</li><li>Postdoc-Res&#44; Developmental Biology&#44; University of Washington School of Medicine&#44; Seattle&#44; WA</li>"
"114", "<li>BA&#44; Philosophy and Biology&#44; Westminster College&#44; Missouri</li><li>MD&#44; Johns Hopkins School of Medicine</li>"
"117", "<li>BA&#44; Chemistry&#44; University of Wisconsin&#44; Madison</li><li>PhD&#44; Biophysics&#44; Stanford University</li><li>Postdoc&#44; NMR&#44; University of California&#44; Berkeley&#44; CA</li>"
"118", "<li>PhD&#44; University of Strathclyde</li>"
"120", "<li>BS&#44; Chemistry&#44; University of Massachusetts&#44; Amherst&#44; MA</li><li>PhD&#44; Organic Chemistry&#44; University of Massachusetts&#44; Amherst&#44; MA</li><li>Postdoc&#44; Mass Spectrometry&#44; MIT&#44; Cambridge&#44; MA (Klaus Biemann)</li>"
"124", "<li>BS&#44; Biomedical Engineering&#44; Johns Hopkins University&#44; Baltimore&#44; MD</li><li>PhD&#44; Bioengineering&#44; Massachusetts Institute of Technology&#44; Cambridge&#44; MA</li><li>Postdoc&#44; Cell Biology&#44; Harvard Medical School&#44; Boston&#44; MA</li>"
"131", "<li>BS&#44; Biology&#44; Stanford University</li><li>MD&#44; Yale School of Medicine</li><li>PhD&#44; Molecular Biophysics and Biochemistry &#44; Yale University</li>"
"132", "<li>BA&#44; Chemistry&#44; Hamilton College&#44; Clinton NY</li><li>PhD&#44; Oncological Sciences&#44; Huntsman Cancer Institute&#44; University of Utah&#44; Salt Lake City&#44; UT</li>"
"139", "<li>BS&#44; Biological Sciences&#44; State University of New York at Buffalo</li><li>BA&#44; History&#44; State University of New York at Buffalo</li><li>MS&#44; Biology&#44; Yale University</li><li>Mphil&#44; Biology&#44; Yale University</li><li>PhD&#44; Biology&#44; Yale University</li>"
"143", "<li>BS&#44; Biochemistry&#44; University of Guelph</li><li>PhD&#44; Biochemistry&#44; University of Guelph</li>"
"145", "<li>BSMT&#44; Medical Technology&#44; State University of New York&#44; New York&#44; NY</li><li>MS&#44; Immunology and Pathology&#44; State University of New York&#44; New York&#44; NY</li><li>MS&#44; Health Services Administration&#44; New School University&#44; New York&#44; NY</li>"
"150", "<li>BS&#44; Biology&#44; McMaster University</li><li>MS&#44; Cell Biology&#44; McGill University&#44; Montreal&#44; P.Q.&#44; CANADA</li><li>PhD&#44; Cell Biology&#44; McGill University&#44; Montreal&#44; P.Q.&#44; CANADA</li>"
"155", "<li>BS&#44; Chemical Physics&#44; University of Science and Technology of China&#44; China</li><li>PhD&#44; Molecular Biology&#44; Case Western Reserve University</li><li>Postdoc&#44; Molecular Biology&#44; Yale University&#44; New Haven&#44; CT</li>"
"161", "<li>BS&#44; Biochemistry&#44; Beijing University</li><li>PhD&#44; Biology&#44; Massachusetts Institute of Technology</li><li>Postdoc&#44; Developmental Neurobiology&#44; University of California&#44; San Francisco</li>"
"162", "<li>BS&#44; Microbiology&#44; Pennsylvania State University&#44; University Park&#44; PA</li><li>MS&#44; Microbiology&#44; University of Rhode Island&#44; Kingston&#44; RI</li><li>PhD&#44; Molecular Biology&#44; University of Rhode Island&#44; Kingston&#44; RI</li><li>Postdoc&#44; Molecular Biology&#44; Columbia University</li>"
"164", "<li>BS&#44; Biochemistry&#44; University of Sheffield&#44; Sheffield&#44; England</li><li>PhD&#44; Biochemistry&#44; University of Sheffield&#44; Sheffield&#44; England</li>"
"165", "<li>BS&#44; Chemistry&#44; University of California&#44; Los Angeles</li><li>PhD&#44; Organic Chemistry&#44; Columbia University</li><li>Postdoc&#44; Organic Chemistry&#44; Stanford University</li>"
"167", "<li>BS&#44; Biochemistry&#44; University of Ottawa</li><li>MD&#44; Medicine&#44; University of Ottawa</li><li>Intern&#44; Medicine&#44; University of Western Ontario</li><li>Residency&#44; Medicine&#44; University of Ottawa</li>"
"168", "<li>AB&#44; Biology&#44; Cornell University</li><li>PhD&#44; Neurobiology&#44; Cornell University</li><li>MD&#44; Medicine&#44; Cornell University</li><li>Postdoc&#44; Neuroscience&#44; University of Virginia</li>"
"171", "<li>Postdoc&#44; Cancer Research&#44; University of North Carolina&#44; Chapel Hill&#44; NC</li><li>BS&#44; Microbiology&#44; Clemson University&#44; Clemson&#44; SC</li><li>PhD&#44; Microbiology and Immunology&#44; East Carolina University</li>"
"175", "<li>BS&#44; Physics&#44; University of Warsaw&#44; Poland</li><li>MS&#44; Physics&#44; University of Warsaw&#44; Poland</li><li>PhD&#44; Solid State Physics&#44; University of Warsaw&#44; Poland</li>"
"178", "<li>BS&#44; Microbiology&#44; University of Illinois&#44; Champaign-Urbana&#44; IL</li><li>PhD&#44; Microbiology & Immunology&#44; Duke University</li><li>MD&#44; Medicine&#44; Duke University</li><li>Medical Residency&#44; Anatomic Pathology&#44; National Institutes of Health&#44; Bethesda&#44; MD</li><li>Fellowship&#44; Gastrointestinal Pathology&#44; Johns Hopkins University&#44; Baltimore&#44; MD</li>"
"180", "<li>PhD&#44; Biochemistry & Molecular Biology&#44; University of California&#44; Los Angeles</li><li>BS&#44; Chemistry/Biochemistry&#44; Georgia Institute of Technology</li>"
"182", "<li>AB&#44; Zoology&#44; University of California&#44; Berkeley&#44; CA</li><li>PhD&#44; Biochemistry&#44; University of Maryland&#44; Baltimore&#44; MD</li><li>Postdoc&#44; Biochemistry and Genetics&#44; Yale University&#44; New Haven&#44; CT</li>"
"187", "<li>BS&#44; Animal Science&#44; Pennsylvania State University</li><li>MS&#44; Biology and Physiology&#44; Pennsylvania State University</li><li>PhD&#44; Biology and Physiology&#44; Pennsylvania State University</li><li>Postdoc&#44; Pathology&#44; University of Washington&#44; Seattle</li>"
"189", "<li>PhD&#44; Bioengineering&#44; University of California&#44; San Diego</li>"
"192", "<li>BA&#44; Chemistry&#44; Depauw University</li><li>PhD&#44; Biochemistry&#44; Duke University</li><li>Postdoc&#44; DNA Tumor Virology&#44; St. Louis University&#44; St Louis&#44; MO</li><li>Postdoc&#44; RNA Tumor Virology&#44; Universitat Zurich&#44; Zurich&#44; Switzerland</li>"
"193", "<li>BA&#44; Biology&#44; Valparaiso University&#44; Valparaiso&#44; IN</li><li>PhD&#44; Microbiology&#44; Duke University</li><li>Postdoc&#44; Microbiology&#44; University of Virginia</li>"
"194", "<li>BA&#44; Biology&#44; University of North Carolina&#44; Chapel Hill&#44; NC</li><li>PhD&#44; Medical Science&#44; University of Massachusetts Medical School&#44; MA</li><li>Postdoc&#44; Cell Biology&#44; The Scripps Research Institute&#44; La Jolla&#44; CA</li>"
"195", "<li>BS&#44; Chemistry&#44; University of  Illinois&#44; Urbana Champaign</li><li>PhD&#44; Biochemistry&#44; California Institute of Technology</li><li>Postdoc&#44; Molecular Biology&#44; Johns Hopkins School of Medicine</li>"
"196", "<li>PhD&#44; Imperial Cancer Research Fund&#44; London&#44; UK</li>"
"197", "<li>Residency&#44; Internal Medicine&#44; University Hospital of Cleveland</li><li>Clinical Fellowship&#44; Infectious Diseases&#44; University of Virginia</li><li>MD&#44; University of Virginia</li><li>PhD&#44; Microbiology & Infectious Diseases&#44; University of Virginia</li>"
"199", "<li>BA&#44; Biology&#44; University of Virginia</li><li>PhD&#44; Biology&#44; Princeton University</li><li>Postdoc&#44; Cell Biology-Mitosis&#44; University of California&#44; Berkeley</li><li>Postdoc&#44; Neuroscience&#44; University of Texas Southwestern Medical Center</li>"
"202", "<li>BS&#44; Botany&#44; Zoology&#44; Chemistry&#44; Osmania University</li><li>MS&#44; Zoology&#44; Andhra University</li><li>PhD&#44; Life Sciences&#44; National Institute of Immunology</li><li>Postdoc&#44; Molecular/Reproductive Biology&#44; University of Virginia</li>"
"203", "<li>BS&#44; Mechanical Engineering&#44; Rochester Institute of Technology</li><li>MS&#44; Biomedical Engineering&#44; University of Virginia</li><li>PhD&#44; Biomedical Engineering&#44; University of Virginia</li><li>Postdoc&#44; Biomedical Engineering&#44; University of Virginia</li>"
"204", "<li>BA&#44; Chemistry and Physics&#44; Harvard University-Cambridge&#44; MA</li><li>MD&#44; Medicine&#44; Johns Hopkins University-Baltimore&#44; MD</li>"
"206", "<li>PhD&#44; Boston College</li>"
"209", "<li>BVSc&#44; Veterinary Medicine&#44; Madras Veterinary College&#44; Madras&#44; India</li><li>PhD&#44; Molecular and Cell Biology&#44; University of Massachusetts&#44; Amherst&#44; MA</li><li>Postdoc&#44; Immunology&#44; Dana Farber Cancer Center</li>"
"212", "<li>PhD&#44; Massachusetts Institute of Technology</li>"
"215", "<li>BA&#44; Psychology&#44; University of California&#44; Berkeley</li><li>PhD&#44; Biology and Psychology&#44; Cornell University</li><li>Postdoc&#44; Zoology&#44; University of Texas&#44; Austin</li>"
"225", "<li>BS&#44; Chemistry&#44; SUNY College of Environmental Science and Forestry&#44; Syracuse&#44; NY</li><li>PhD&#44; Biological Chemistry&#44; University of Michigan&#44; Ann Arbor&#44; MI</li>"
"230", "<li>PhD&#44; Baylor College of Medicine</li>"
"236", "<li>MS&#44; Biomedical Engineering&#44; University of Virginia</li><li>BS&#44; Chem Engineering&#44; University of Virginia</li>"
"242", "<li>BS&#44; Chemistry & Biochemistry&#44; Pennsylvania State University&#44; University Park&#44; PA</li><li>PhD&#44; Biochemistry&#44; University of Wisconsin</li><li>Postdoc&#44; Endocrinology/Toxicology&#44; Harvard School of Public Health</li>"
"244", "<li>PhD&#44; Albany Medical College</li>"
"246", "<li>BS&#44; Marine Biology&#44; LIU/ Southampton Campus&#44; Southampton&#44; NY</li><li>PhD&#44; Biochemistry&#44; University of Medicine and Dentistry/ RWJMS</li><li>Postdoc&#44; Molecular Biology&#44; Johns Hopkins School of Medicine</li>"
"247", "<li>BA&#44; Biology&#44; Johns Hopkins University&#44; Baltimore MD</li><li>PhD&#44; Biochemistry&#44; Johns Hopkins University&#44; Baltimore MD</li><li>Postdoc&#44; Molecular Biology&#44; Johns Hopkins University&#44; Baltimore MD</li><li>Postdoc&#44; Molecular Genetics&#44; Edinburgh University&#44; Edinburgh&#44; Scotland&#44; UK</li>"
"249", "<li>MSc&#44; Pathology&#44; University of Saskatchewan&#44; Canada</li><li>PhD&#44; Physiology&#44; University of Pennsylvania&#44; PA</li>"
"254", "<li>Postdoc&#44; Cell Biology&#44; Harvard Medical School</li><li>BA&#44; Molecular Biology&#44; Colgate University</li><li>PhD&#44; Biochemistry&#44; Sloan-Kettering Cancer Institute&#44; and Cornell Medical School&#44; NY&#44; NY.</li>"
"257", "<li>Grad Res&#44; Biochem and Biophysics&#44; Cornell University</li><li>Dipl Biol II&#44; Biological Sciences&#44; University of Basel</li><li>PhD&#44; Biophysics&#44; University of Basel</li><li>Postdoc-Res&#44; Biophysics&#44; Stanford University</li>"
"260", "<li>BS&#44; Chemistry&#44; City College of New York&#44; New York&#44; NY</li><li>PhD&#44; Physical Chemistry&#44; Princeton University&#44; Princeton&#44; NJ</li><li>Postdoc&#44; Physical Chemistry&#44; University of Minnesota&#44; Mpls.&#44; MN</li>"
"261", "<li>PhD&#44; Biology&#44; University of California San Diego&#44; CA</li><li>MD&#44; Medicine&#44; University of California San Diego&#44; CA</li>"
"265", "<li>MBBS&#44; Medicine&#44; Melbourne University&#44; Melbourne&#44; Australia</li><li>Resident&#44; Internal Medicine and Surgery&#44; Melbourne University&#44; Melbourne&#44; Australia</li><li>Resident&#44; Pathology&#44; Cleveland Clinic&#44; Cleveland&#44; Ohio</li><li>Fellowship&#44; Immunology&#44; Scripps Clinic & Res. Fdn.&#44; La Jolla&#44; CA</li>"
"272", "<li>PhD&#44; Harvard University</li>"
"273", "<li>BS&#44; Physics&#44; University of Rochester</li><li>PhD&#44; Physics & Biophysics&#44; Carnegie Mellon University</li><li>Postdoc&#44; Membrane Diffraction&#44; University of California&#44; Irvine</li><li>Postdoc&#44; Protein Cystallography&#44; University of California&#44; San Francisco</li>"
"274", "<li>BS&#44; Physics&#44; Grinnell College</li><li>MS&#44; Physics&#44; Wake Forest University</li><li>PhD&#44; Physics&#44; University of Virginia</li>"
"276", "<li>BS&#44; Genetics&#44; University of York&#44; England</li><li>PhD&#44; Genetics&#44; Imperial Cancer Research Fund&#44; London</li>"
"281", "<li>BA&#44; Biology&#44; Carthage College</li><li>PhD&#44; Immunology&#44; University of Missouri-Columbia&#44; Columbia&#44; MO</li><li>Postdoc&#44; Immunology&#44; University of Virginia</li>"
"282", "<li>Diploma&#44; Biophysics&#44; ETH Zurich</li><li>PhD&#44; Biophysics&#44; University of Oxford</li><li>Postdoc&#44; Biophysics&#44; Harvard Medical School</li>"
"310", "<li>PhD&#44; Colorado State University</li>"
"2722", "<li>MD&#44; Medical University of Vienna</li>"
"2729", "<li>PhD&#44; Protein Biochemistry and Biophysics &#44; Central Drug Research Institute</li>"
"2933", "<li>Fellowship&#44; Tropical Infectious Diseases&#44; Yale School of Medicine</li><li>Fellowship&#44; Infectious Diseases&#44; University of Virginia</li><li>BA&#44; English&#44; Vanderbilt University</li><li>MD&#44; MPH&#44; Medicine/ Epidemiology&Biostatistics&#44; Oregon Health and Sciences University</li>"
"3014", "<li>PhD&#44; Auburn University</li>"
"3516", "<li>PhD&#44; Biochemistry&#44; University of Utah</li><li>BS&#44; Molecular Biology and Biotechnology&#44; University of the Philippines</li>"
"3766", "<li>BS&#44; Chemistry&#44; MONTANA TECH of University MONTANA</li><li>PhD&#44; Biochemistry&#44; University of Utah</li>"
"4557", "<li>BS&#44; Microbiology and Chemistry &#44; Oregon State University</li><li>PhD&#44; Pathobiology &#44; University of Washington</li>"
"4728", "<li>PharmD&#44; Medical University of South Carolina</li><li>PhD&#44; Medical University of South Carolina</li>"
"4946", "<li>MD&#44; Medicine&#44; Istanbul University</li><li>PhD&#44; Psychology/Neurobiology&#44; SUNY at Stony Brook</li><li>Postdoc&#44; Neuroanatomy&#44; New York University</li><li>Postdoc&#44; Neurophysiology&#44; New York Medical College</li>"
"4955", "<li>BA&#44; Biology&#44; Harvard University</li><li>PhD&#44; Biology&#44; Massachusetts Institute of Technology</li><li>Postdoc&#44; Molecular Genetics&#44; Whitehead Institute</li><li>Postdoc&#44; Developmental Genetics&#44; University of California&#44; Berkeley</li>"
"4957", "<li>BA&#44; Biology and Chemistry&#44; Williams College</li><li>PhD&#44; Cell and Developmental Biology&#44; Harvard University</li><li>Postdoc&#44; Microbiology&#44; Northwestern University</li>"
"4976", "<li>BA&#44; Biology&#44; Wellesley College</li><li>PhD&#44; Anatomy&#44; University of California</li>"
"4988", "<li>MD&#44; Emory University</li>"
"4989", "<li>BS&#44; Biochemistry&#44; Math&#44; University College</li><li>Postdoc&#44; Neurobiology&#44; California Institute of Technology</li>"
"4992", "<li>PhD&#44; University of Wyoming</li>"
"4997", "<li>MD&#44; Yale School of Medicine</li><li>Residency&#44; Internal Medicine&#44; Tufts University School of Medicine</li><li>Clinical Fellowship&#44; Cardiology&#44; Duke University School of Medicine&#44; Durham&#44; NC</li><li>Clinical Fellowship&#44; Interventional Cardiology&#44; William Beaumont Hospital</li>"
"5004", "<li>PhD&#44; Microbiology&#44; University of Virginia</li>"
"5006", "<li>BS&#44; Chemistry&#44; University of Delaware</li><li>PhD&#44; Chemistry&#44; University of North Carolina</li><li>Postdoc&#44; Chemistry and Neuroscience&#44; University of Michigan</li>"
"5007", "<li>BS&#44; Physics&#44; Bombay University</li><li>MS&#44; Physics&#44; Bombay University</li><li>PhD&#44; Physics&#44; Bhabha Atomic Research Center</li>"
"5020", "<li>BS&#44; Biochemistry and Pharmacology&#44; University of East London</li><li>PhD&#44; Reproductive Biology&#44; The Babraham Institute</li>"
"5022", "<li>PhD&#44; Molecular Genetics&#44; University of Strasbourg</li><li>Postdoc&#44; Developmental Biology&#44; IGBMC_CNRS</li><li>Postdoc&#44; Developmental Biology&#44; University of Oregon</li>"
"5024", "<li>BA&#44; Biology&#44; Swarthmore College</li><li>PhD&#44; Biology&#44; Massachusetts Institute of Technology</li><li>Postdoc&#44; Cellular Neurobiology&#44; Columbia University</li><li>Postdoc&#44; Cellular Neurobiology&#44; Yale University</li>"
"5026", "<li>PhD&#44; University of Missouri</li>"
"5033", "<li>MD&#44; Medical College of Ohio</li><li>Residency&#44; Internal Medicine&#44; University of Virginia</li><li>Fellowship&#44; Cardiovascular Medicine&#44; University of Virginia</li>"
"5039", "<li>BS&#44; Biomedical Sciences/Chemistry&#44; Western Michigan University</li><li>PhD&#44; Biochemistry & Molecular Biology&#44; Purdue University</li><li>Postdoc&#44; Developmental Neuroscience&#44; John Hopkins University</li>"
"5054", "<li>PhD&#44; Molecular Genetics&#44; Louis Pasteur University of Strasbourg</li><li>Postdoc&#44; Developmental Biology&#44; University of Oregon</li>"
"5058", "<li>BS&#44; Biology&#44; Tunghai University</li><li>MS&#44; Biology&#44; University of Wisconsin-Milwaukee</li><li>PhD&#44; Neurobiology&#44; University of Pittsburgh</li><li>PhD&#44; Physiology/Pharmacology&#44; Oregon Health Sciences University</li>"
"5065", "<li>BA&#44; Psychology&#44; University of Michigan</li><li>PhD&#44; Clinical Psychology&#44; University of Texas</li>"
"5071", "<li>AB&#44; Biology&#44; Harvard College</li><li>MD&#44; Medicine&#44; University of California&#44; San Francisco</li><li>Residency&#44; Internal Medicine&#44; University of Pennsylvania School of Medicine</li><li>Fellowship&#44; Cardiology&#44; University of Pennsylvania</li>"
"5074", "<li>BS&#44; Biochemistry&#44; Western Kentucky University</li><li>MS&#44; Genetics&#44; Michigan State University</li><li>PhD&#44; Genetics&#44; University of California&#44; Davis</li><li>Postdoc&#44; Genetics&#44; University of California&#44; Los Angeles</li>"
"5075", "<li>SB&#44; Biology&#44; Massachusetts Institute of Technology</li><li>PhD&#44; Molecular Biophysics and Biochemistry&#44; Yale University</li>"
"5076", "<li>BS&#44; Physics&#44; College of William and Mary</li><li>PhD&#44; Neuroscience&#44; University of Virginia</li>"
"5079", "<li>BS&#44; Human Kinetics&#44; University of Guelph</li><li>MSc&#44; Human Biology&#44; University of Guelph</li><li>PhD&#44; Physiology&#44; University of North Carolina</li>"
"5109", "<li>BA&#44; Zoology & Psychology&#44; Western Illinois University</li><li>PhD&#44; Experimental Psychology&#44; Ohio University</li><li>Postdoc&#44; Sensory Physiology&#44; University of Michigan</li>"
"5137", "<li>BS&#44; Psychology&#44; Pennsylvania State University</li><li>MS&#44; Psychology&#44; University of Virginia</li><li>PhD&#44; Psychology&#44; Pennsylvania State University</li>"
"5153", "<li>BA&#44; Chemistry&#44; University of North Carolina</li><li>PhD&#44; Pharmacology&#44; University of Colorado&#44; Denver</li><li>Research Fellowship&#44; Electrophysiology&#44; Stanford University</li>"
"5161", "<li>BA&#44; Zoology/German&#44; University of North Carolina at Chapel Hill</li><li>MD&#44; Medicine&#44; University of North Carolina</li>"
"5164", "<li>BS&#44; Chemical Engineering&#44; California Institute of Technology</li><li>PhD&#44; Chemical Engineering&#44; University of California&#44; Berkeley</li><li>Postdoc&#44; Medicine/Radiology&#44; University of California&#44; San Francisco</li>"
"5170", "<li>BA&#44; Anthropology&#44; History minor&#44; Pennsylvania State University&#44; University Park&#44; PA</li><li>PhD&#44; Genetics&#44; Pennsylvania State University&#44; University Park&#44; PA</li>"
"5180", "<li>BS&#44; Physics&#44; University of Rochester</li><li>PhD&#44; Biomedical Engineering&#44; University of Virginia</li>"
"5190", "<li>PhD&#44; Chemical Engineering&#44; University of Delaware</li>"
"5212", "<li>MSc&#44; Life Sciences&#44; CCMB&#44; Jawaharlal Nehru University&#44; New Delhi&#44; Indi</li><li>PhD&#44; Molecular Biology     &#44; State University of New York at Stony Brook</li>"
"5216", "<li>BS&#44; Physics&#44; North Dakota State University</li><li>MS/PhD&#44; Engineering Physics&#44; University of Virginia</li>"
"5227", "<li>MS&#44; National Institute of Immunology&#44; New Delhi</li>"
"5228", "<li>PhD&#44; University of Virginia</li>"
"5233", "<li>Fellowship&#44; Endocrinology & Hypertension&#44; The University of Texas Health Science Center at San Antonio</li><li>Fellowship&#44; Endocrinology & Hypertension&#44; University of Virginia</li><li>Residency&#44; Internal Medicine&#44; University of Texas&#44; Galveston</li><li>MD&#44; Tanta University</li>"
"5235", "<li>BS&#44;BE&#44; Bioengineering&#44; University of Pennsylvania</li><li>MSE&#44; Bioengineering&#44; University of Pennsylvania</li><li>MD/PhD&#44; Medicine/Neural Science&#44; Washington University&#44; St. Louis&#44; MO</li>"
"5241", "<li>PhD&#44; California Institute of Technology</li>"
"5245", "<li>BA&#44; Biology&#44; Swarthmore College</li><li>PhD&#44; Biology&#44; University of Virginia</li><li>Postdoc&#44; Anatomy & Cell Biology&#44; Uniformed Services University </li>"
"5250", "<li>BS&#44; Psychology&#44; University of Washington</li><li>MA&#44; Clinical Psychology&#44; University of Arizona</li><li>Postdoc&#44; Affective Neuroscience&#44; University of Wisconsin-Madison</li><li>PhD&#44; Psychology&#44; University of Arizona</li>"
"5254", "<li>BA&#44; Liberal Arts&#44; University of Chicago</li><li>MD&#44; University of Chicago</li><li>PhD&#44; Neuropsychology&#44; University of Chicago</li>"
"5260", "<li>MBChB&#44; Medicine&#44; Sheffield University</li><li>PhD&#44; Microbiology&#44; University of Virginia</li>"
"5265", "<li>BA&#44; Biology&#44; University of Rochester</li><li>PhD&#44; Physiology&#44; John Hopkins University</li><li>Postdoc&#44; Neurobiology&#44; University of Connecticut</li>"
"5267", "<li>BS&#44; Chemistry&#44; Richard Stockton College of New Jersey</li><li>PhD&#44; Genetics&#44; State University of New York at Stony Brook</li><li>Postdoc&#44; Complex Human Genetics and Disease&#44; Duke University</li>"
"5295", "<li>BA&#44; Chemistry&#44; Northwestern University</li><li>PhD&#44; Biochemistry&#44; Brandeis University</li>"
"5299", "<li>PhD&#44; Bioengineering&#44; University of California at San Diego</li>"
"5300", "<li>BS&#44; Physiology & Biophysics&#44; Peking University</li><li>MS&#44; Neurobiology & Behavior&#44; Shanghai Brain Research Institute</li><li>PhD&#44; Neuroscience&#44; University of Wisconsin Medical School</li><li>Postdoc&#44; Neuroscience&#44; Max-Planck-Institut for Medical Research</li><li>Postdoc&#44; Neuroscience&#44; Cold Spring Harbor Laboratory</li><li>Sabbatical&#44; Neuroscience&#44; Norwegian University of Science & Technology</li>"
"5302", "<li>BS&#44; Biology&#44; Life Sciences&#44; Tel Aviv</li><li>MS&#44; Neurobiology&#44; Weizmann Institute of Science</li><li>PhD&#44; Neurobiology&#44; Weizmann Institute of Science</li>"
"5303", "<li>MBBS&#44; Medicine&#44; University of Delhi</li><li>PhD&#44; Neuroscience&#44; University of Virginia</li><li>Internship&#44; Internal Medicine&#44; Eastern Virginia School of Medicine</li><li>Residency&#44; Neurology&#44; Medical College of Virginia&#44; Virginia Commonwealth University</li><li>Fellowship&#44; Epilepsy/EEG&#44; University of Michigan</li>"
"5333", "<li>BA&#44; Psychology&#44; University of Cincinnati</li><li>PhD&#44; Biopsychology&#44; Stony Brook University</li><li>Postdoc&#44; Neuroimaging Cognitive&#44; Duke University</li><li>Postdoc&#44; Neuroscience&#44; Yale University</li>"
"5344", "<li>BS&#44; Biology&#44; Virginia Commonwealth University</li><li>PhD&#44; Anatomy and Neurobiology&#44; Medical College of Virginia&#44; Virginia Commonwealth University</li><li>MD&#44; Medicine&#44; University of Virginia</li>"
"5345", "<li>BS&#44; Biochemistry&#44; University of Tubingen</li><li>PhD&#44; Neuroscience&#44; Free University of Berlin</li><li>Postdoc&#44; Hearing Research&#44; Oregon Health Sciences University</li>"
"5349", "<li>AB&#44; Chemistry&#44; Johns Hopkins University</li><li>PhD&#44; Pharmacology&#44; University of Michigan</li>"
"5362", "<li>BS&#44; Pharmacy&#44; Philadelphia College of Pharmacy and Science</li><li>PhD&#44; Biochemistry&#44; University of Rochester</li>"
"5389", "<li>BS&#44; Chemical Physics and Mathematics&#44; Rutgers University</li><li>PhD&#44; Chemical Physics&#44; Harvard University</li>"
"5395", "<li>PhD&#44; Psychology&#44; University of Kansas</li>"
"5404", "<li>BA&#44; Psychology&#44; University of Southern California</li><li>PhD&#44; Psychobiology&#44; University of California&#44; Irvine</li>"
"5457", "<li>MD&#44; Medicine&#44; University of Miami</li>"
"5458", "<li>BA&#44; Chemistry&#44; Rice University</li><li>PhD&#44; Chemical Engineering&#44; Rice University</li><li>Postdoc&#44; Immunology&#44; Harvard University</li>"
"5483", "<li>BS&#44; Biology&#44; Waseda University</li><li>PhD&#44; Neurobiology&#44; Sophia University</li>"
"5485", "<li>BA&#44; psychology&#44; philosophy&#44; Hebrew University of Jerusalem</li><li>PhD&#44; Psychology&#44; Hebrew University of Jerusalem</li>"
"5486", "<li>BS&#44; Applied Biology&#44; University of Coventry</li><li>PhD&#44; Physiology&#44; University of Coventry</li><li>Postdoc&#44; Electrophysiology&#44; University of Virginia</li><li>Postdoc&#44; Electrophysiology&#44; University of Cambridge&#44; Cambridge&#44; England</li>"
"5489", "<li>PhD&#44; University of Connecticut</li>"
"5499", "<li>BS&#44; Biochemistry&#44; Memorial University of Newfoundland</li><li>MS&#44; Pharmacology&#44; Queen's University</li><li>PhD&#44; Neuroscience&#44; Case Western Reserve University</li>"
"5505", "<li>PhD&#44; Rutgers University</li>"
"5512", "<li>BS&#44; Biochemistry and Microbiology&#44; University of Tasmania</li><li>PhD&#44; Genetics&#44; University of Tasmania</li>"
"5525", "<li>BS&#44; Chemistry&#44; Carnegie Mellon University</li><li>Mphil&#44; Molecular Biophysics &#44; Yale University</li><li>PhD&#44; Molecular Biophysics &#44; Yale University</li><li>MD&#44; Medicine&#44; Yale University School of Medicine</li>"
"5526", "<li>MD&#44; University of Algiers</li>"
"5529", "<li>BA&#44; Biochemistry&#44; Rice University</li><li>PhD&#44; Neuroscience&#44; University of California&#44; San Francisco</li><li>Postdoc&#44; Neurodevelopment&#44; The Salk Institute</li><li>Postdoc&#44; Neurogenetics&#44; Beth Israel Hospital&#44; Boston&#44; MA</li>"
"5532", "<li>MD&#44; Thomas Jefferson University</li>"
"5533", "<li>PhD&#44; University of Vienna</li>"
"5542", "<li>BS&#44; Electrical Engineering&#44; California Polytechnic State University</li><li>MD&#44; Medicine&#44; University of California&#44; San Diego</li><li>PhD&#44; Neuroscience&#44; University of California&#44; San Diego</li>"
"5546", "<li>BS&#44; Psychology&#44; Michigan State University</li><li>PhD&#44; Comparative Psychology&#44; Indiana University</li><li>Postdoc&#44; Neuroanaotmy&#44; University of Illinois</li>"
"5552", "<li>BS&#44; Physiology & Biochemistry&#44; Ecole Normale Superieure</li><li>PhD&#44; Neurochemistry&#44; University of Paris</li><li>Postdoc&#44; Neuropharmacology&#44; Yale University</li>"
"5562", "<li>MD/PhD&#44; Stanford University</li>"
"5563", "<li>PhD&#44; Georgia Institute of Technology</li>"
"5566", "<li>BS&#44; Physics&#44; Marymount College (NY)</li><li>MS&#44; Health Physics&#44; University of Rochester</li><li>PhD&#44; Biophysics&#44; University of Rochester</li>"
"5576", "<li>PhD&#44; Georgetown University</li>"
"5586", "<li>Clinical Fellowship&#44; Infectious Diseases&#44; University of Virginia</li><li>BA&#44; History and Science&#44; Harvard University</li><li>MD&#44; Medicine&#44; University of Missouri</li><li>MPH&#44; University of Virginia</li>"
"5598", "<li>AB&#44; Chemistry&#44; Colgate University</li><li>PhD&#44; Chemistry&#44; Stanford University</li>"
"5601", "<li>PhD&#44; Massachusetts Institute of Technology</li>"
"5644", "<li>PhD&#44; University of Colorado</li>"
"5652", "<li>BS&#44; Biology&#44; Valparaiso University</li><li>PhD&#44; Pharmacological & Physiological Sciences&#44; Saint Louis University</li><li>Postdoc&#44; Developmental Neurobiology&#44; Vanderbilt University Hospital</li>"
"5667", "<li>BS&#44; Biomedical Engineering&#44; Johns Hopkins University</li><li>PhD&#44; Biomedical Engineering&#44; University of Virginia</li>"
"5671", "<li>BS&#44; Chemistry&#44; Stanford University</li><li>PhD&#44; Genetics and Development&#44; Columbia University</li><li>Postdoc&#44; Genetics and Development&#44; Columbia University</li>"
"5676", "<li>MD&#44; University of Zurich</li>"
"5679", "<li>BS&#44;MS&#44; Biomedical Engineering&#44; Northwestern University</li><li>PhD&#44; Mechanical Engineering&#44; Stanford University</li>"
"5683", "<li>PhD&#44; Genetics&#44; Purdue University</li>"
"5685", "<li>MD&#44; Medicine&#44; University of Belgrade School of Medicine</li><li>PhD&#44; Pharmacology&#44; University of Illinois </li><li>Residency&#44; Anesthesiology&#44; Washington University</li>"
"5699", "<li>PhD&#44; Cell & Molecular Biology&#44; Baylor College of Medicine</li>"
"5717", "<li>PhD&#44; National Institute of Immunology</li>"
"5721", "<li>BA&#44;BS&#44; Biology&#44; Pennsylvania State University&#44; University Park&#44; PA</li><li>PhD&#44; Genetics&#44; George Washington University School of Medicine</li>"
"5725", "<li>MD&#44; Medicine&#44; University of Belgrade School of Medicine</li><li>PhD&#44; Pharmacology&#44; University of Illinois School of Medicine</li><li>Intern&#44; Medicine&#44; Loyola University School of Medicine</li><li>Residency&#44; Anesthesiology&#44; Washington University</li><li>MBA&#44; Business and Administration&#44; University of Virginia</li>"
"5742", "<li>BS&#44; Biology/Chemistry&#44; Saint Francis College</li><li>PhD&#44; Physiology&#44; University of Arizona</li><li>Postdoc&#44; Biophysics&#44; University of Vermont</li>"
"5744", "<li>BA&#44; Psychology&#44; Augsburg College</li><li>PhD&#44; University of Minnesota</li><li>Postdoc&#44; Physiology/Pharmacology&#44; Wake Forest University</li>"
"5752", "<li>BA&#44; Physics&#44; Bethel College</li><li>MA&#44; Physics&#44; University of California&#44; Berkeley</li><li>PhD&#44; Neuroscience&#44; University of California&#44; San Diego</li><li>Postdoc&#44; Neurobiology&#44; University of California&#44; Berkeley</li>"
"5754", "<li>PhD&#44; Pathology&#44; McGill University</li>"
"5759", "<li>PhD&#44; University of Kansas</li>"
"5760", "<li>BS&#44; Cell Biology and Genetics&#44; Peking  University</li><li>MS&#44; Cell Biology and Genetics&#44; Peking  University</li><li>PhD&#44; Microbiology and Immunology&#44; Cornell University</li>"
"5767", "<li>PhD&#44; Vascular Biology&#44; University of Texas Health Sciences Center&#44; Houston</li>"
"36113", "<li>BA&#44; Science and Ethics&#44; University of Georgia</li><li>MD/PhD&#44; Immunology&#44; University of Virginia</li>"
"61109", "<li>PhD&#44; Immunology&#44; Harvard University</li>"
"61113", "<li>PhD&#44; University of Pierre and Marie Curie</li>"
"61180", "<li>PhD&#44; Environmental Sciences and Resources: Microbiology&#44; Portland State University</li>"
"61181", "<li>MSc&#44; The Biological Sciences and Bioengineering Program&#44; Sabanci University</li><li>PhD&#44; Molecular Biology&#44; University of North Carolina at Chapel Hill</li><li>Postdoc&#44; Epogenomcis&#44; Harvard Medical School&#44; Mass general Hosptal&#44; Broad Institute of Harvad and MIT</li>"
"61182", "<li>Postdoc&#44; Harvard Medical School</li><li>Postdoc&#44; Stanford University</li><li>BS&#44; Zoology&#44; North Carolina State University</li><li>PhD&#44; Biomedical Sciences&#44; University of California&#44; San Diego</li>"
"61183", "<li>AB&#44; Ecology & Evolutionary Biology&#44; Princeton University</li><li>PhD&#44; Genetics and Molecular Biology&#44; University of North Carolina</li>"
"61185", "<li>MD&#44; Albert Einstein College of Medicine</li><li>Residency&#44; Internal Medicine&#44; George Washington University School of Medicine</li><li>Fellowship&#44; Gastroenterology & Hepatology&#44; Lahey Hospital and Medical Center</li><li>Fellowship&#44; Transplant Hepatology&#44; University of Virginia</li>"
"62884", "<li>MD&#44; Thanjavur Medical College</li><li>Residency&#44; Montefiore Medical Center (Northern Division)&#44; </li><li>Residency&#44; Post Graduate Institute of Medical Education and Research (PGIMER)</li><li>Fellowship&#44; Mayo Clinic Medical School</li>"
"63044", "<li>PhD&#44; Molecular Biology; Cellular Biology&#44; University of Indiana</li>"
"63048", "<li>BS&#44;MS&#44; Electrical Engineering&#44; Tsinghua University</li><li>PhD&#44; Biomedical Engineering&#44; Washington University in St. Louis</li>"
"63055", "<li>BS&#44; Biology&#44; Bemidji State University</li><li>PhD&#44; Microbiology&#44; University of Wisconsin-Madison</li><li>Postdoc&#44; Immunoparasitology&#44; University of Pennsylvania</li>"
"64575", "<li>MD&#44; Hahnemann Medical College</li><li>Residency&#44; Thomas Jefferson University Hospital&#44; Philadelphia&#44; PA</li><li>Clinical Fellowship&#44; Oncology&#44; Fred Hutchinson Cancer Research Center</li>"
"64576", "<li>MD/PhD&#44; Pharmacology&#44; Saint Louis University</li><li>Medical Residency&#44; Pediatric Neurology&#44; Washington University</li>"
"64577", "<li>BA&#44; Bowdoin College</li><li>PhD&#44; Biochemistry&#44; Johns Hopkins School of Medicine</li>"
"64587", "<li>PhD&#44; University of California&#44; San Francisco</li>"
"64673", "<li>PhD&#44; State University of New York at Buffalo</li><li>Postdoc&#44; University of Illinois&#44; Chicago</li>"
"64674", "<li>PhD&#44; North Carolina State University</li>"
"64675", "<li>PhD&#44; University of Hamburg</li>"
"64676", "<li>BS&#44; Chemical Engineering/ Neuroscience&#44; Tulane University</li><li>PhD&#44; Bioengineering&#44; Georgia Institute of Technology</li>"
"64680", "<li>BA&#44; Williams College</li><li>PhD&#44; Harvard University</li>"
"64693", "<li>BS&#44; Chemical Engineering&#44; Missouri University of Science and Technology</li><li>PhD&#44; Chemical Engineering&#44; University of Colorado&#44; Boulder</li><li>Postdoc&#44; Materials Science and Engineering&#44; Stanford University</li>"
"64698", "<li>MD&#44; University of Zambia</li><li>MPH&#44; Wright State University&#44; Dayton&#44; Ohio</li><li>Residency&#44; Kettering Medical Center&#44; Wright State University</li><li>Clinical Fellowship&#44; Cardiology&#44; Dayton Veteran Affairs Center</li><li>Clinical Fellowship&#44; Advanced Heart Failure&#44; University of Alabama&#44; Birmingham</li>"
"64725", "<li>MS&#44; Cancer Biology&#44; University of Texas Health Sciences Center&#44; Houston</li><li>MD&#44; Medicine&#44; University of North Carolina at Chapel Hill</li><li>BS&#44; Biology&#44; University of North Carolina at Chapel Hill</li>"
"66349", "<li>BTech&#44; Electrical Engineering&#44; Indian Institute of Technology</li><li>SM&#44; Computer Science&#44; National University of Singapore</li><li>PhD&#44; Computer Science and Engineering&#44; Pennsylvania State University&#44; University Park&#44; PA</li>"
"66352", "<li>BS&#44; Biochemistry&#44; Georgetown University</li><li>Mphil&#44; Chemistry&#44; University of Cambridge</li><li>PhD&#44; Chemistry&#44; University of California&#44; Berkeley</li>"
"66353", "<li>BA&#44;BS&#44; Chemistry&#44; University of Portland</li><li>PhD&#44; Physical Chemistry&#44; California Institute of Technology</li><li>Postdoc&#44; Biophysical Chemistry&#44; Stanford University</li>"
"66361", "<li>BS&#44; Biology&#44; University of Richmond</li><li>PhD&#44; Immunology&#44; University of Virginia</li><li>Postdoc&#44; Immunology&#44; St. Jude Children's Research Hospital</li>"
"66383", "<li>PhD&#44; Microbiology&#44; Pasteur Institute</li><li>Postdoc&#44; Host/Pathogen Interaction&#44; Tufts University School of Medicine</li>"
"66384", "<li>PhD&#44; Microbiology&#44; Pasteur Institute</li><li>Postdoc&#44; Harvard Medical School</li>"
"66388", "<li>BS&#44; Biology&#44; China Agriculture University</li><li>PhD&#44; Virginia Polytechnic Institute and State University&#44; Blacksburg&#44; VA</li>"
"66399", "<li>BS&#44; Genetics and Development&#44; Cornell University</li><li>PhD&#44; Molecular Biology and Genomics&#44; Cornell University</li>"
"66442", "<li>PhD&#44; University of Arkansas for Medical Sciences</li><li>Postdoc&#44; University of Vermont</li>"
"66488", "<li>PhD&#44; Infectious Diseases&#44; University of Notre Dame</li>"
"66489", "<li>PhD&#44; Cell & Molecular Biology&#44; University of Notre Dame</li><li>Postdoc&#44; RNAi and Epigenetics&#44; University of Massachusetts Medical School</li><li>Senior Staff Fellowship&#44; Biologics&#44; Sr. Biologist/Scientist&#44; AbbVie Inc.</li><li>Senior Staff Fellowship&#44; Biologics discovery&#44; Principle Scientist&#44; Boehringer Ingelheim Pharmaceuticals&#44; Inc.</li>"
"66515", "<li>BA&#44; Dartmouth College</li><li>PhD&#44; University of California&#44; San Francisco</li>"
"66516", "<li>BS&#44; Electrical and Computer Engineering&#44; Carnegie Mellon University</li><li>SM&#44; Electrical Engineering&#44; Massachusetts Institute of Technology</li><li>PhD&#44; Electrical Engineering&#44; Massachusetts Institute of Technology</li><li>Postdoc&#44; Electrical Engineering&#44; University of Michigan</li>"
"66529", "<li>BS&#44; Chemical Engineering&#44; Bogazici University</li><li>BA&#44; Molecular Biology and Genetics&#44; Bogazici University</li><li>MS&#44; Chemical Engineering&#44; Pennsylvania State University&#44; University Park&#44; PA</li><li>PhD&#44; Bioengineering&#44; University of Pennsylvania</li>"
"66535", "<li>BA&#44; Psychology&#44; Columbia University</li><li>MSc&#44; Neuroscience&#44; University of Edinburgh</li><li>MA&#44; Psychology&#44; Stanford University</li><li>PhD&#44; Psychology&#44; Stanford University</li>"
"66596", "<li>BA&#44; Biology&#44; The University of Chicago&#44; Chicago&#44; IL</li><li>PhD&#44; Microbiology&#44; The University of Chicago&#44; Chicago&#44; IL</li><li>MD&#44; Medicine&#44; The University of Chicago&#44; Chicago&#44; IL</li><li>Intern/ Resident&#44; Pediatrics&#44; Children's Hospital of Philadelphia</li><li>Fellowship&#44; Pediatric Infectious Disease&#44; Children's Hospital of Philadelphia</li>"
"66672", "<li>Residency&#44; Internal Medicine&#44; Duke University School of Medicine&#44; Durham&#44; NC</li><li>Fellowship&#44; Cardiology&#44; Duke University School of Medicine&#44; Durham&#44; NC</li><li>PhD&#44; Biochemistry&#44; Washington University School of Medicine</li><li>MD&#44; Washington University School of Medicine</li>"
"66674", "<li>BA&#44; Earth Sciences&#44; Dartmouth College</li><li>MS&#44; Environmental Sciences&#44; University of Virginia</li><li>PhD&#44; Environmental Sciences&#44; University of Virginia</li><li>Postdoc&#44; Civil and Environmental Engineering&#44; University College&#44; Cork</li><li>Postdoc&#44; Civil and Environmental Engineering&#44; Princeton University</li>"
"66810", "<li>BA&#44; Biology&#44; University of Massachusetts&#44; Amherst</li><li>PhD&#44; Molecular and Cell Biology&#44; University of California&#44; Berkeley</li>"
"66816", "<li>PhD&#44; Edinburgh University&#44; Edinburgh&#44; Scotland&#44; UK</li>"
"66817", "<li>PhD&#44; University of Melbourne</li><li>Postdoc&#44; Boston Children's Hospital&#44; Harvard Medical School </li>"
"68740", "<li>Residency&#44; Ophthalmology&#44; University of Rochester</li><li>Fellowship&#44; Retina Clinical & Research&#44; Massachusetts Eye & Ear Infirmary</li><li>MD&#44; Medicine&#44; SUNY Downstate Medical Center College of Medicine</li>"
"68745", "<li>BA&#44; Chemistry and German&#44; Washington University</li><li>PhD&#44; Chemistry&#44; Northwestern University</li>"
"68766", "<li>BVSc&#44; Veterinary Medicine&#44; University of Agricultural Sciences</li><li>PhD&#44; Microbiology and Immunology&#44; Rosalind Franklin University of Medicine & Science</li><li>Postdoc&#44; Ophthalmology&#44; University of Kentucky</li>"
"68770", "<li>MD&#44; University of the West Indies</li><li>Residency&#44; Internal Medicine&#44; Howard University</li><li>Clinical Fellowship&#44; Infectious Diseases&#44; University of Virginia</li><li>ScM&#44; Molecular Microbiology and Immunology &#44; John Hopkins University</li><li>Research Fellowship&#44; University of Virginia</li>"
"68776", "<li>BS&#44; Physics&#44; Peking University</li><li>PhD&#44; Physics&#44; George Washington University</li><li>Postdoc&#44; Biostatistics and Computational Biology&#44; Harvard University</li>"
"68777", "<li>BS&#44; University of Iowa</li><li>PhD&#44; Biomedical Engineering&#44; University of Virginia</li>"
"68778", "<li>PhD&#44; Biomedical Engineering&#44; University of Alabama&#44; Birmingham</li>"
"68788", "<li>BS&#44; Chemical Engineering&#44; Princeton University</li><li>PhD&#44; Genomics & Computational Biology&#44; University of Pennsylvania</li>"
"68997", "<li>BS&#44; Polymer Science and Engineering&#44; University of Science and Technology of China</li><li>PhD&#44; Chemistry&#44; Brown University</li>"
"69010", "<li>BS&#44; Chemistry&#44; Tsinghua University</li><li>PhD&#44; Chemical Biology&#44; University of Alberta</li><li>Postdoc&#44; Chemical Biology&#44; The Scripps Research Institute</li>"
"69011", "<li>PhD&#44; Molecular Physiology and Biological Physics&#44; University of Virginia</li><li>MD&#44; University of Virginia</li><li>Residency&#44; Internal Medicine&#44; University of Pittsburgh Medical Center</li><li>Clinical Fellowship&#44; Endocrinology & Diabetes&#44; Beth Israel Deaconess Medical Center</li>"
"69106", "<li>Clinical Fellowship&#44; Hematology and Medical Oncology&#44; Weill Cornell Medical College</li><li>Postdoc&#44; Postdoctoral training in epigenomics & hematological malignancies experimentation&#44; Weill Cornell Medical College</li><li>BS&#44; Biochemistry and Cell Biology&#44; California State University&#44; Fullerton</li><li>MD/PhD&#44; Medicine and Cell Biology&#44; Albert Einstein College of Medicine</li>"
"69233", "<li>AB&#44; Chemistry&#44; Dartmouth College</li><li>MSc&#44; Clinical Research&#44; University of Virginia</li><li>Residency&#44; Internal Medicine&#44; University of Virginia</li><li>Fellowship&#44; Infectious Diseases and International Health&#44; University of Virginia</li><li>Chief Resident&#44; Internal Medicine&#44; University of Virginia</li><li>MD&#44; Columbia University</li>"
"69236", "<li>MD&#44; Temple University School of Medicine</li><li>Residency&#44; Internal Medicine&#44; Temple University School of Medicine</li><li>Clinical Fellowship&#44; Infectious Diseases&#44; University of Virginia</li>"
"69237", "<li>Clinical Fellowship&#44; Infectious Diseases&#44; University of Virginia</li>"
"69240", "<li>PhD&#44; Florida State University</li>"
"69244", "<li>PhD&#44; Pharmacology&#44; University of Rochester</li><li>Postdoc&#44; Human Genetics&#44; Stanford University</li>"
"69249", "<li>BA&#44; Biology&#44; Reed College</li><li>PhD&#44; Population Biology&#44; University of California&#44; Davis</li><li>Postdoc&#44; Genetics&#44; Genomics&#44; University of Virginia</li>"
"69250", "<li>AB&#44; University of Chicago</li><li>Mphil&#44; University of Cambridge</li><li>PhD&#44; University of Cambridge</li><li>Postdoc&#44; Max Planck Institute for the History of Science</li>"
"69254", "<li>PhD&#44; Biology&#44; University of Virginia</li>"
"69265", "<li>Research Fellowship&#44; University of Colorado</li><li>BS&#44; Biotechnology&#44; Montana State University</li><li>PhD&#44; Microbiology&#44; University of Virginia</li>"
"69268", "<li>Bpharm&#44; Pharmacy & Clinical Analysis&#44; State University of Ponta Grossa</li><li>MSc&#44; Microbiology&#44; State University of Londrina</li><li>PhD&#44; Immunology&#44; University of Sao Paulo</li>"
"69269", "<li>PhD&#44; Molecular Cell Biology&#44; University of Tokyo</li><li>Postdoc&#44; Cancer Biology&#44; Harvard Medical School</li>"
"69279", "